{"cameraMode":{"drawMode":0,"name":"Shaded","section":"Shading Mode"},"sceneLighting":true,"audioPlay":false,"sceneViewState":{"showFog":false,"showMaterialUpdate":false,"showSkybox":false,"showFlares":false,"showImageEffects":false,"showParticleSystems":false},"in2DMode":false,"pivot":{"x":-157.49281311035157,"y":27.774879455566408,"z":-131.82080078125},"rotation":{"x":0.031102072447538377,"y":-0.5679482221603394,"z":0.021484412252902986,"w":0.822195827960968},"size":196.42356872558595,"orthographic":false}